BveTs Vehicle Performance Table 1.00,,,,,,,,,,,,,,,,,,,,,,,,,,,,,,,,,,,,,,,,,,,,,,,,,,,
#,,,,,,,,,,,,,,,,,,,,,,,,,,,,,,,,,,,,,,,,,,,,,,,,,,,
#,,,,,,,,,,,,,,,,,,,,,,,,,,,,,,,,,,,,,,,,,,,,,,,,,,,
#,•Ï1,•Ï1,•Ï1,•Ï1,•Ï1,•Ï1,•Ï1,•Ï1,•Ï2,•Ï2,•Ï2,•Ï2,•Ï2,•Ï2,•Ï2,•Ï2,•Ï3,•Ï3,•Ï3,•Ï3,•Ï3,•Ï3,•Ï3,•Ï3,’¼1,’¼1,’¼1,’¼1,’¼1,’¼1,’¼1,’¼1,’¼2,’¼2,’¼2,’¼2,’¼2,’¼2,’¼2,’¼2,’¼3,’¼3,’¼3,’¼3,’¼3,’¼3,’¼3,’¼3,B1,B2,B3
#,0.988743393,1.977486785,2.471858482,2.966230178,3.460601875,3.954973571,4.449345267,4.943716964,0.63273439,1.265468781,1.581835976,1.898203171,2.214570367,2.530937562,2.847304757,3.163671952,0.494115943,0.988231886,1.235289857,1.482347828,1.7294058,1.976463771,2.223521742,2.470579714,0.371647716,0.743295431,0.929119289,1.114943147,1.300767004,1.486590862,1.67241472,1.858238578,0.235093122,0.470186244,0.587732805,0.705279365,0.822825926,0.940372487,1.057919048,1.175465609,0.204622117,0.409244234,0.511555293,0.613866351,0.71617741,0.818488468,0.920799527,1.023110585,-0.9262892,-0.545014758,-0.355612998
#,0.148584497,0.297168993,0.371461241,0.44575349,0.520045738,0.594337986,0.668630235,0.742922483,0.293225233,0.586450467,0.733063083,0.8796757,1.026288317,1.172900933,1.31951355,1.466126167,0.268687292,0.537374584,0.67171823,0.806061876,0.940405522,1.074749169,1.209092815,1.343436461,0,0,0,0,0,0,0,0,0.014995933,0.029991866,0.037489832,0.044987799,0.052485765,0.059983732,0.067481698,0.074979665,0.185727725,0.371455451,0.464319313,0.557183176,0.650047039,0.742910902,0.835774764,0.928638627,0,0,-0.627695112
#,0.2,0.4,0.5,0.6,0.7,0.8,0.9,1,0.2,0.4,0.5,0.6,0.7,0.8,0.9,1,0.2,0.4,0.5,0.6,0.7,0.8,0.9,1,0.2,0.4,0.5,0.6,0.7,0.8,0.9,1,0.2,0.4,0.5,0.6,0.7,0.8,0.9,1,0.2,0.4,0.5,0.6,0.7,0.8,0.9,1,0,0,0
#,1,2,3,4,5,6,7,8,9,10,11,12,13,14,15,16,17,18,19,20,21,22,23,24,25,26,27,28,29,30,31,32,33,34,35,36,37,38,39,40,41,42,43,44,45,46,47,48,49,50,51
0,7607.831105,15215.66221,19019.57776,22823.49332,26627.40887,30431.32442,34235.23997,38039.15553,4868.539616,9737.079231,12171.34904,14605.61885,17039.88865,19474.15846,21908.42827,24342.69808,3801.947671,7603.895342,9504.869177,11405.84301,13306.81685,15207.79068,17108.76452,19009.73835,0,0,0,0,0,0,0,0,0,0,0,0,0,0,0,0,0,0,0,0,0,0,0,0,0,0,0
1,7539.518185,15079.03637,18848.79546,22618.55456,26388.31365,30158.07274,33927.83183,37697.59093,4825.244216,9650.488432,12063.11054,14475.73265,16888.35476,19300.97686,21713.59897,24126.22108,3740.215113,7480.430226,9350.537782,11220.64534,13090.7529,14960.86045,16830.96801,18701.07556,408.9658489,817.9316978,1022.414622,1226.897547,1431.380471,1635.863396,1840.34632,2044.829244,180.1298565,360.2597129,450.3246412,540.3895694,630.4544976,720.5194259,810.5843541,900.6492823,72.60646352,145.212927,181.5161588,217.8193906,254.1226223,290.4258541,326.7290858,363.0323176,-89.81395622,-37.17076291,-14.05757741
2,7427.808244,14855.61649,18569.52061,22283.42473,25997.32886,29711.23298,33425.1371,37139.04122,4814.897696,9629.795391,12037.24424,14444.69309,16852.14194,19259.59078,21667.03963,24074.48848,3767.808881,7535.617762,9419.522203,11303.42664,13187.33108,15071.23552,16955.13996,18839.04441,839.9082475,1679.816495,2099.770619,2519.724743,2939.678866,3359.63299,3779.587114,4199.541238,337.9881515,675.976303,844.9703788,1013.964455,1182.95853,1351.952606,1520.946682,1689.940758,204.3771392,408.7542784,510.9428479,613.1314175,715.3199871,817.5085567,919.6971263,1021.885696,-233.5136345,-78.88429991,-44.88374636
3,7300.415401,14600.8308,18251.0385,21901.2462,25551.4539,29201.6616,32851.8693,36502.077,4753.33616,9506.672321,11883.3404,14260.00848,16636.67656,19013.34464,21390.01272,23766.6808,3738.801291,7477.602582,9347.003228,11216.40387,13085.80452,14955.20516,16824.60581,18694.00646,1162.329253,2324.658506,2905.823133,3486.987759,4068.152386,4649.317013,5230.481639,5811.646266,537.4891372,1074.978274,1343.722843,1612.467412,1881.21198,2149.956549,2418.701117,2687.445686,319.5624886,639.1249772,798.9062215,958.6874658,1118.46871,1278.249954,1438.031199,1597.812443,-401.8335171,-149.4342296,-79.15979112
4,7194.179245,14388.35849,17985.44811,21582.53774,25179.62736,28776.71698,32373.8066,35970.89623,4714.166235,9428.332469,11785.41559,14142.4987,16499.58182,18856.66494,21213.74806,23570.83117,3711.982806,7423.965612,9279.957015,11135.94842,12991.93982,14847.93122,16703.92263,18559.91403,1345.916261,2691.832522,3364.790652,4037.748783,4710.706913,5383.665044,6056.623174,6729.581305,648.4347182,1296.869436,1621.086796,1945.304155,2269.521514,2593.738873,2917.956232,3242.173591,419.7368687,839.4737373,1049.342172,1259.210606,1469.07904,1678.947475,1888.815909,2098.684343,-542.4926035,-201.4389744,-116.6964154
5,7042.534209,14085.06842,17606.33552,21127.60263,24648.86973,28170.13684,31691.40394,35212.67105,4671.812649,9343.625298,11679.53162,14015.43795,16351.34427,18687.2506,21023.15692,23359.06325,3681.394165,7362.788331,9203.485413,11044.1825,12884.87958,14725.57666,16566.27374,18406.97083,1528.262619,3056.525238,3820.656547,4584.787857,5348.919166,6113.050476,6877.181785,7641.313095,743.818565,1487.63713,1859.546412,2231.455695,2603.364977,2975.27426,3347.183542,3719.092825,506.3766676,1012.753335,1265.941669,1519.130003,1772.318337,2025.50667,2278.695004,2531.883338,-747.0360683,-257.1485053,-157.3080431
6,6882.178957,13764.35791,17205.44739,20646.53687,24087.62635,27528.71583,30969.80531,34410.89478,4603.828105,9207.65621,11509.57026,13811.48431,16113.39837,18415.31242,20717.22647,23019.14052,3648.319336,7296.638673,9120.798341,10944.95801,12769.11768,14593.27735,16417.43701,18241.59668,1654.389602,3308.779204,4135.974005,4963.168807,5790.363608,6617.558409,7444.75321,8271.948011,861.302853,1722.605706,2153.257132,2583.908559,3014.559985,3445.211412,3875.862838,4306.514265,580.8639723,1161.727945,1452.159931,1742.591917,2033.023903,2323.455889,2613.887876,2904.319862,-968.562425,-347.1615885,-200.8128182
7,6715.362198,13430.7244,16788.4055,20146.08659,23503.76769,26861.44879,30219.12989,33576.81099,4556.107086,9112.214173,11390.26772,13668.32126,15946.3748,18224.42835,20502.48189,22780.53543,3613.331254,7226.662508,9033.328136,10839.99376,12646.65939,14453.32502,16259.99064,18066.65627,1738.559254,3477.118507,4346.398134,5215.677761,6084.957388,6954.237014,7823.516641,8692.796268,924.7742569,1849.548514,2311.935642,2774.322771,3236.709899,3699.097027,4161.484156,4623.871284,644.490172,1288.980344,1611.22543,1933.470516,2255.715602,2577.960688,2900.205774,3222.45086,-1204.517796,-411.1455261,-247.0326051
8,6587.157247,13174.31449,16467.89312,19761.47174,23055.05037,26348.62899,29642.20761,32935.78624,4481.59133,8963.18266,11203.97833,13444.77399,15685.56966,17926.36532,20167.16099,22407.95665,3595.228738,7190.457477,8988.071846,10785.68621,12583.30058,14380.91495,16178.52932,17976.14369,1781.482368,3562.964736,4453.705921,5344.447105,6235.188289,7125.929473,8016.670657,8907.411841,1001.162545,2002.32509,2502.906363,3003.487636,3504.068908,4004.650181,4505.231453,5005.812726,672.6099887,1345.219977,1681.524972,2017.829966,2354.13496,2690.439955,3026.744949,3363.049943,-1389.484221,-512.5437557,-271.1059777
9,6413.45618,12826.91236,16033.64045,19240.36854,22447.09663,25653.82472,28860.55281,32067.2809,4430.260527,8860.521055,11075.65132,13290.78158,15505.91185,17721.04211,19936.17237,22151.30264,3557.962365,7115.92473,8894.905912,10673.88709,12452.86828,14231.84946,16010.83064,17789.81182,1820.024562,3640.049123,4550.061404,5460.073685,6370.085966,7280.098247,8190.110528,9100.122809,1041.376884,2082.753767,2603.442209,3124.130651,3644.819093,4165.507535,4686.195977,5206.884418,722.176178,1444.352356,1805.440445,2166.528534,2527.616623,2888.704712,3249.792801,3610.88089,-1644.903353,-583.4508499,-321.0724157
10,6238.008229,12476.01646,15595.02057,18714.02469,21833.0288,24952.03292,28071.03703,31190.04115,4377.816629,8755.633258,10944.54157,13133.44989,15322.3582,17511.26652,19700.17483,21889.08314,3519.445445,7038.890891,8798.613614,10558.33634,12318.05906,14077.78178,15837.5045,17597.22723,1845.051585,3690.103171,4612.628963,5535.154756,6457.680549,7380.206342,8302.732134,9225.257927,1074.365155,2148.73031,2685.912888,3223.095465,3760.278043,4297.46062,4834.643198,5371.825775,763.736001,1527.472002,1909.340003,2291.208003,2673.076004,3054.944004,3436.812005,3818.680005,-1908.342486,-656.7655304,-373.3248019
11,6062.210169,12124.42034,15155.52542,18186.63051,21217.73559,24248.84068,27279.94576,30311.05085,4297.414919,8594.829839,10743.5373,12892.24476,15040.95222,17189.65968,19338.36714,21487.0746,3479.845715,6959.69143,8699.614287,10439.53714,12179.46,13919.38286,15659.30572,17399.22857,1863.552936,3727.105872,4658.88234,5590.658809,6522.435277,7454.211745,8385.988213,9317.764681,1112.569993,2225.139986,2781.424983,3337.709979,3893.994976,4450.279973,5006.564969,5562.849966,798.2908564,1596.581713,1995.727141,2394.872569,2794.017998,3193.163426,3592.308854,3991.454282,-2177.694396,-770.8166133,-427.6980213
12,5930.894099,11861.7882,14827.23525,17792.6823,20758.12935,23723.5764,26689.02345,29654.4705,4242.872782,8485.745564,10607.18196,12728.61835,14850.05474,16971.49113,19092.92752,21214.36391,3439.309298,6878.618595,8598.273244,10317.92789,12037.58254,13757.23719,15476.89184,17196.54649,1876.497599,3752.995198,4691.243997,5629.492796,6567.741596,7505.990395,8444.239195,9382.487994,1131.895692,2263.791385,2829.739231,3395.687077,3961.634924,4527.58277,5093.530616,5659.478462,826.7668679,1653.533736,2066.91717,2480.300604,2893.684038,3307.067472,3720.450906,4133.83434,-2382.388135,-849.2877515,-484.030679
13,5757.433282,11514.86656,14393.58321,17272.29985,20151.01649,23029.73313,25908.44977,28787.16641,4159.991988,8319.983976,10399.97997,12479.97596,14559.97196,16639.96795,18719.96395,20799.95994,3397.968152,6795.936305,8494.920381,10193.90446,11892.88853,13591.87261,15290.85669,16989.84076,1895.965438,3791.930876,4739.913595,5687.896315,6635.879034,7583.861753,8531.844472,9479.827191,1153.771742,2307.543484,2884.429355,3461.315226,4038.201097,4615.086968,5191.972839,5768.85871,850.0181353,1700.036271,2125.045338,2550.054406,2975.063474,3400.072541,3825.081609,4250.090676,-2657.375153,-970.1810406,-542.1651004
14,5586.771064,11173.54213,13966.92766,16760.31319,19553.69872,22347.08426,25140.46979,27933.85532,4104.21381,8208.427619,10260.53452,12312.64143,14364.74833,16416.85524,18468.96214,20521.06905,3355.944068,6711.888136,8389.86017,10067.8322,11745.80424,13423.77627,15101.74831,16779.72034,1920.867123,3841.734247,4802.167809,5762.60137,6723.034932,7683.468494,8643.902056,9604.335617,1164.702733,2329.405466,2911.756832,3494.108199,4076.459565,4658.810932,5241.162298,5823.513665,868.8299219,1737.659844,2172.074805,2606.489766,3040.904727,3475.319688,3909.734648,4344.149609,-2933.094233,-1052.636031,-601.947331
15,5419.815107,10839.63021,13549.53777,16259.44532,18969.35288,21679.26043,24389.16798,27099.07554,4048.157646,8096.315292,10120.39411,12144.47294,14168.55176,16192.63058,18216.70941,20240.78823,3313.350936,6626.701872,8283.37734,9940.052807,11596.72828,13253.40374,14910.07921,16566.75468,1953.386042,3906.772085,4883.465106,5860.158127,6836.851148,7813.544169,8790.23719,9766.930212,1173.488298,2346.976596,2933.720745,3520.464894,4107.209043,4693.953192,5280.697341,5867.44149,883.9217776,1767.843555,2209.804444,2651.765333,3093.726222,3535.687111,3977.647999,4419.608888,-3207.884807,-1136.372905,-663.2271365
16,5297.507657,10595.01531,13243.76914,15892.52297,18541.2768,21190.03063,23838.78446,26487.53829,3963.801122,7927.602244,9909.502805,11891.40337,13873.30393,15855.20449,17837.10505,19819.00561,3291.874755,6583.749509,8229.686887,9875.624264,11521.56164,13167.49902,14813.4364,16459.37377,1983.564602,3967.129203,4958.911504,5950.693805,6942.476106,7934.258407,8926.040708,9917.823009,1183.917188,2367.834376,2959.79297,3551.751564,4143.710158,4735.668751,5327.627345,5919.585939,890.2803765,1780.560753,2225.700941,2670.841129,3115.981318,3561.121506,4006.261694,4451.401882,-3412.436641,-1264.009115,-694.3826989
17,5138.856877,10277.71375,12847.14219,15416.57063,17985.99907,20555.42751,23124.85595,25694.28439,3907.53862,7815.077239,9768.846549,11722.61586,13676.38517,15630.15448,17583.92379,19537.6931,3248.627535,6497.25507,8121.568837,9745.882604,11370.19637,12994.51014,14618.82391,16243.13767,2031.976703,4063.953406,5079.941758,6095.930109,7111.918461,8127.906812,9143.895164,10159.88352,1189.782388,2379.564777,2974.455971,3569.347165,4164.23836,4759.129554,5354.020748,5948.911942,901.0052569,1802.010514,2252.513142,2703.015771,3153.518399,3604.021027,4054.523656,4505.026284,-3681.964837,-1350.213245,-757.6353154
18,4985.787794,9971.575587,12464.46948,14957.36338,17450.25728,19943.15117,22436.04507,24928.93897,3823.359283,7646.718566,9558.398207,11470.07785,13381.75749,15293.43713,17205.11677,19116.79641,3205.069151,6410.138303,8012.672878,9615.207454,11217.74203,12820.27661,14422.81118,16025.34576,2089.671102,4179.342204,5224.177755,6269.013306,7313.848857,8358.684408,9403.519959,10448.35551,1198.043502,2396.087004,2995.108755,3594.130506,4193.152257,4792.174008,5391.195759,5990.21751,909.5415037,1819.083007,2273.853759,2728.624511,3183.395263,3638.166015,4092.936767,4547.707518,-3946.612111,-1480.79184,-822.026197
19,4838.763445,9677.52689,12096.90861,14516.29034,16935.67206,19355.05378,21774.4355,24193.81723,3767.519839,7535.039678,9418.799598,11302.55952,13186.31944,15070.07936,16953.83928,18837.5992,3161.293683,6322.587366,7903.234208,9483.881049,11064.52789,12645.17473,14225.82157,15806.46842,2156.059141,4312.118282,5390.147852,6468.177423,7546.206993,8624.236564,9702.266134,10780.2957,1203.731656,2407.463311,3009.329139,3611.194967,4213.060795,4814.926623,5416.792451,6018.658279,916.4023411,1832.804682,2291.005853,2749.207023,3207.408194,3665.609364,4123.810535,4582.011705,-4205.164546,-1568.469264,-887.4181299
20,4732.67655,9465.3531,11831.69137,14198.02965,16564.36792,18930.7062,21297.04447,23663.38275,3712.007445,7424.01489,9280.018613,11136.02234,12992.02606,14848.02978,16704.0335,18560.03723,3117.390558,6234.781117,7793.476396,9352.171675,10910.86695,12469.56223,14028.25751,15586.95279,2210.943962,4421.887924,5527.359905,6632.831886,7738.303868,8843.775849,9949.24783,11054.71981,1209.928448,2419.856895,3024.821119,3629.785343,4234.749566,4839.71379,5444.678014,6049.642238,922.0485419,1844.097084,2305.121355,2766.145626,3227.169897,3688.194168,4149.218439,4610.242709,-4394.416063,-1656.474369,-953.6776208
21,4597.004514,9194.009029,11492.51129,13791.01354,16089.5158,18388.01806,20686.52031,22985.02257,3629.531254,7259.062508,9073.828135,10888.59376,12703.35939,14518.12502,16332.89064,18147.65627,3073.444765,6146.88953,7683.611913,9220.334295,10757.05668,12293.77906,13830.50144,15367.22383,2289.83317,4579.66634,5724.582925,6869.49951,8014.416095,9159.33268,10304.24926,11449.16585,1220.731092,2441.462184,3051.82773,3662.193276,4272.558821,4882.924367,5493.289913,6103.655459,926.8911989,1853.782398,2317.227997,2780.673597,3244.119196,3707.564795,4171.010395,4634.455994,-4639.739803,-1788.78632,-1020.674897
22,4468.071236,8936.142471,11170.17809,13404.21371,15638.24932,17872.28494,20106.32056,22340.35618,3575.186656,7150.373312,8937.96664,10725.55997,12513.1533,14300.74662,16088.33995,17875.93328,3029.537001,6059.074003,7573.842503,9088.611004,10603.3795,12118.14801,13632.91651,15147.68501,2373.785791,4747.571581,5934.464476,7121.357372,8308.250267,9495.143162,10682.03606,11868.92895,1229.235712,2458.471424,3073.089281,3687.707137,4302.324993,4916.942849,5531.560705,6146.178561,931.2944316,1862.588863,2328.236079,2793.883295,3259.530511,3725.177727,4190.824942,4656.472158,-4876.244588,-1876.998224,-1088.283904
23,4334.072001,8668.144003,10835.18,13002.216,15169.252,17336.28801,19503.32401,21670.36001,3494.804395,6989.60879,8737.010988,10484.41319,12231.81538,13979.21758,15726.61978,17474.02198,2985.743789,5971.487579,7464.359473,8957.231368,10450.10326,11942.97516,13435.84705,14928.71895,2461.042812,4922.085625,6152.607031,7383.128437,8613.649843,9844.171249,11074.69266,12305.21406,1244.332859,2488.665718,3110.832147,3732.998577,4355.165006,4977.331436,5599.497865,6221.664295,935.5780298,1871.15606,2338.945074,2806.734089,3274.523104,3742.312119,4210.101134,4677.890149,-5103.163157,-2008.995859,-1156.38231
24,4247.119815,8494.239631,10617.79954,12741.35945,14864.91935,16988.47926,19112.03917,21235.59908,3442.066064,6884.132127,8605.165159,10326.19819,12047.23122,13768.26425,15489.29729,17210.33032,2963.912933,5927.825867,7409.782333,8891.7388,10373.69527,11855.65173,13337.6082,14819.56467,2527.539206,5055.078411,6318.848014,7582.617617,8846.38722,10110.15682,11373.92643,12637.69603,1256.11637,2512.232741,3140.290926,3768.349111,4396.407296,5024.465482,5652.523667,6280.581852,937.7634146,1875.526829,2344.408537,2813.290244,3282.171951,3751.053658,4219.935366,4688.817073,-5266.666747,-2096.599244,-1190.577826
25,4136.93905,8273.878099,10342.34762,12410.81715,14479.28667,16547.7562,18616.22572,20684.69525,3390.076033,6780.152066,8475.190082,10170.2281,11865.26612,13560.30413,15255.34215,16950.38016,2920.426103,5840.852207,7301.065258,8761.27831,10221.49136,11681.70441,13141.91746,14602.13052,2616.097775,5232.195549,6540.244437,7848.293324,9156.342211,10464.3911,11772.43999,13080.48887,1269.358206,2538.716412,3173.395515,3808.074618,4442.753721,5077.432824,5712.111927,6346.79103,942.3765254,1884.753051,2355.941313,2827.129576,3298.317839,3769.506101,4240.694364,4711.882627,-5475.32147,-2183.747607,-1259.189095
26,4033.105027,8066.210055,10082.76257,12099.31508,14115.8676,16132.42011,18148.97262,20165.52514,3313.609365,6627.218729,8284.023412,9940.828094,11597.63278,13254.43746,14911.24214,16568.04682,2877.227393,5754.454786,7193.068482,8631.682179,10070.29588,11508.90957,12947.52327,14386.13696,2702.845366,5405.690731,6757.113414,8108.536097,9459.95878,10811.38146,12162.80415,13514.22683,1292.02952,2584.059041,3230.073801,3876.088561,4522.103322,5168.118082,5814.132842,6460.147602,947.4922987,1894.984597,2368.730747,2842.476896,3316.223045,3789.969195,4263.715344,4737.461493,-5672.894159,-2313.3694,-1328.000206
27,3924.574695,7849.14939,9811.436737,11773.72408,13736.01143,15698.29878,17660.58613,19622.87347,3263.713008,6527.426017,8159.282521,9791.139025,11422.99553,13054.85203,14686.70854,16318.56504,2834.379298,5668.758596,7085.948245,8503.137894,9920.327543,11337.51719,12754.70684,14171.89649,2786.021931,5572.043862,6965.054828,8358.065793,9751.076759,11144.08772,12537.09869,13930.10966,1309.021388,2618.042776,3272.553469,3927.064163,4581.574857,5236.085551,5890.596245,6545.106939,953.2952585,1906.590517,2383.238146,2859.885775,3336.533405,3813.181034,4289.828663,4766.476292,-5859.064207,-2398.892852,-1396.901847
28,3855.050382,7710.100765,9637.625956,11565.15115,13492.67634,15420.20153,17347.72672,19275.25191,3190.594672,6381.189344,7976.48668,9571.784016,11167.08135,12762.37869,14357.67602,15952.97336,2791.940428,5583.880856,6979.85107,8375.821284,9771.791499,11167.76171,12563.73193,13959.70214,2845.0809,5690.1618,7112.70225,8535.2427,9957.78315,11380.3236,12802.86405,14225.4045,1337.259779,2674.519558,3343.149448,4011.779338,4680.409227,5349.039117,6017.669006,6686.298896,959.9367001,1919.8734,2399.84175,2879.8101,3359.77845,3839.7468,4319.71515,4799.6835,-5991.083068,-2525.586747,-1465.788427
29,3766.785289,7533.570579,9416.963224,11300.35587,13183.74851,15067.14116,16950.5338,18833.92645,3143.052243,6286.104486,7857.630608,9429.156729,11000.68285,12572.20897,14143.73509,15715.26122,2749.965552,5499.931104,6874.91388,8249.896656,9624.879432,10999.86221,12374.84498,13749.82776,2918.225437,5836.450874,7295.563593,8754.676312,10213.78903,11672.90175,13132.01447,14591.12719,1357.8421,2715.6842,3394.60525,4073.526299,4752.447349,5431.368399,6110.289449,6789.210499,967.5369811,1935.073962,2418.842453,2902.610943,3386.379434,3870.147924,4353.916415,4837.684905,-6156.885287,-2608.848615,-1534.558073
30,3673.020787,7346.041575,9182.551968,11019.06236,12855.57276,14692.08315,16528.59354,18365.10394,3096.508216,6193.016432,7741.27054,9289.524648,10837.77876,12386.03286,13934.28697,15482.54108,2708.505636,5417.011271,6771.264089,8125.516907,9479.769724,10834.02254,12188.27536,13542.52818,2983.819531,5967.639063,7459.548829,8951.458594,10443.36836,11935.27813,13427.18789,14919.09766,1379.744003,2759.488005,3449.360007,4139.232008,4829.10401,5518.976011,6208.848012,6898.720014,976.187748,1952.375496,2440.46937,2928.563244,3416.657118,3904.750992,4392.844866,4880.93874,-6311.017347,-2691.044255,-1603.112635
31,3593.170873,7186.341747,8982.927184,10779.51262,12576.09806,14372.68349,16169.26893,17965.85437,3028.619189,6057.238378,7571.547972,9085.857567,10600.16716,12114.47676,13628.78635,15143.09594,2667.607882,5335.215764,6669.019705,8002.823646,9336.627587,10670.43153,12004.23547,13338.03941,3040.839046,6081.678093,7602.097616,9122.517139,10642.93666,12163.35619,13683.77571,15204.19523,1414.866881,2829.733762,3537.167203,4244.600643,4952.034084,5659.467524,6366.900965,7074.334406,985.9540996,1971.908199,2464.885249,2957.862299,3450.839349,3943.816398,4436.793448,4929.770498,-6453.605293,-2812.153476,-1671.35768
32,3525.662719,7051.325437,8814.156796,10576.98816,12339.81951,14102.65087,15865.48223,17628.31359,2984.673881,5969.347762,7461.684703,8954.021643,10446.35858,11938.69552,13431.03247,14923.36941,2647.383547,5294.767094,6618.458868,7942.150642,9265.842415,10589.53419,11913.22596,13236.91774,3077.509856,6155.019712,7693.77464,9232.529567,10771.2845,12310.03942,13848.79435,15387.54928,1439.637429,2879.274859,3599.093573,4318.912288,5038.731003,5758.549718,6478.368432,7198.187147,991.2692215,1982.538443,2478.173054,2973.807665,3469.442275,3965.076886,4460.711497,4956.346108,-6553.113426,-2891.321241,-1705.335642
33,3450.383248,6900.766495,8625.958119,10351.14974,12076.34137,13801.53299,15526.72461,17251.91624,2920.763545,5841.527091,7301.908864,8762.290636,10222.67241,11683.05418,13143.43595,14603.81773,2607.4094,5214.8188,6518.523501,7822.228201,9125.932901,10429.6376,11733.3423,13037.047,3117.866021,6235.732041,7794.665052,9353.598062,10912.53107,12471.46408,14030.39709,15589.3301,1478.520849,2957.041698,3696.302122,4435.562547,5174.822971,5914.083396,6653.34382,7392.604244,1002.778086,2005.556171,2506.945214,3008.334257,3509.7233,4011.112343,4512.501386,5013.890428,-6676.160729,-3007.532104,-1772.947491
34,3367.078814,6734.157628,8417.697035,10101.23644,11784.77585,13468.31526,15151.85466,16835.39407,2879.508431,5759.016861,7198.771077,8638.525292,10078.27951,11518.03372,12957.78794,14397.54215,2568.099195,5136.19839,6420.247987,7704.297584,8988.347182,10272.39678,11556.44638,12840.49597,3148.23624,6296.47248,7870.5906,9444.708719,11018.82684,12592.94496,14167.06308,15741.1812,1505.400761,3010.801522,3763.501902,4516.202283,5268.902663,6021.603044,6774.303424,7527.003805,1015.46275,2030.925499,2538.656874,3046.388249,3554.119624,4061.850999,4569.582374,5077.313748,-6788.624698,-3083.213966,-1840.030022
35,3284.100309,6568.200617,8210.250772,9852.300926,11494.35108,13136.40123,14778.45139,16420.50154,2839.339733,5678.679467,7098.349334,8518.0192,9937.689067,11357.35893,12777.0288,14196.69867,2529.487242,5058.974484,6323.718105,7588.461726,8853.205348,10117.94897,11382.69259,12647.43621,3168.636861,6337.273721,7921.592151,9505.910582,11090.22901,12674.54744,14258.86587,15843.1843,1532.882785,3065.765571,3832.206964,4598.648356,5365.089749,6131.531142,6897.972535,7664.413927,1029.311502,2058.623005,2573.278756,3087.934507,3602.590259,4117.24601,4631.901761,5146.557512,-6891.078034,-3157.389892,-1906.501823
36,3227.822027,6455.644054,8069.555068,9683.466081,11297.37709,12911.28811,14525.19912,16139.11014,2773.537023,5547.074046,6933.842558,8320.611069,9707.379581,11094.14809,12480.9166,13867.68512,2491.604247,4983.208493,6229.010616,7474.81274,8720.614863,9966.416986,11212.21911,12458.02123,3177.559424,6355.118848,7943.89856,9532.678272,11121.45798,12710.2377,14299.01741,15887.79712,1574.914619,3149.829238,3937.286548,4724.743857,5512.201167,6299.658477,7087.115786,7874.573096,1044.295026,2088.590051,2610.737564,3132.885077,3655.03259,4177.180103,4699.327615,5221.475128,-6961.760248,-3265.707618,-1972.285204
37,3142.029606,6284.059212,7855.074015,9426.088818,10997.10362,12568.11842,14139.13323,15710.14803,2736.174729,5472.349457,6840.436821,8208.524186,9576.61155,10944.69891,12312.78628,13680.87364,2454.477338,4908.954676,6136.193344,7363.432013,8590.670682,9817.909351,11045.14802,12272.38669,3181.36639,6362.73278,7953.415975,9544.09917,11134.78237,12725.46556,14316.14876,15906.83195,1603.25709,3206.51418,4008.142725,4809.77127,5611.399815,6413.02836,7214.656905,8016.285451,1060.368204,2120.736408,2650.92051,3181.104612,3711.288714,4241.472816,4771.656918,5301.84102,-7048.431294,-3335.881452,-2037.306194
38,3052.671243,6105.342486,7631.678107,9158.013729,10684.34935,12210.68497,13737.02059,15263.35621,2682.119514,5364.239029,6705.298786,8046.358543,9387.4183,10728.47806,12069.53781,13410.59757,2418.130102,4836.260205,6045.325256,7254.390307,8463.455358,9672.52041,10881.58546,12090.65051,3176.603507,6353.207013,7941.508767,9529.81052,11118.11227,12706.41403,14294.71578,15883.01753,1645.875976,3291.751952,4114.68994,4937.627927,5760.565915,6583.503903,7406.441891,8229.379879,1077.471873,2154.943746,2693.679682,3232.415618,3771.151555,4309.887491,4848.623428,5387.359364,-7127.280786,-3437.973476,-2101.494543
39,2958.089197,5916.178393,7395.222991,8874.26759,10353.31219,11832.35679,13311.40138,14790.44598,2647.384172,5294.768344,6618.46043,7942.152516,9265.844602,10589.53669,11913.22877,13236.92086,2382.582615,4765.165229,5956.456536,7147.747844,8339.039151,9530.330458,10721.62177,11912.91307,3164.199806,6328.399612,7910.499515,9492.599418,11074.69932,12656.79922,14238.89913,15820.99903,1674.140169,3348.280339,4185.350423,5022.420508,5859.490593,6696.560677,7533.630762,8370.700847,1095.5345,2191.068999,2738.836249,3286.603499,3834.370749,4382.137999,4929.905248,5477.672498,-7199.32808,-3503.865835,-2164.783722
40,2880.66859,5761.33718,7201.671475,8642.00577,10082.34006,11522.67436,12963.00865,14403.34295,2613.665261,5227.330523,6534.163154,7840.995784,9147.828415,10454.66105,11761.49368,13068.32631,2365.114096,4730.228192,5912.78524,7095.342288,8277.899335,9460.456383,10643.01343,11825.57048,3150.536893,6301.073786,7876.342232,9451.610678,11026.87912,12602.14757,14177.41602,15752.68446,1702.113728,3404.227456,4255.28432,5106.341184,5957.398048,6808.454912,7659.511776,8510.56864,1104.900087,2209.800173,2762.250217,3314.70026,3867.150303,4419.600346,4972.05039,5524.500433,-7249.579986,-3567.984049,-2196.071348
41,2772.588482,5545.176965,6931.471206,8317.765447,9704.059688,11090.35393,12476.64817,13862.94241,2564.934813,5129.869626,6412.337033,7694.80444,8977.271846,10259.73925,11542.20666,12824.67407,2330.796256,4661.592513,5826.990641,6992.388769,8157.786897,9323.185026,10488.58315,11653.98128,3127.471567,6254.943135,7818.678918,9382.414702,10946.15049,12509.88627,14073.62205,15637.35784,1743.216678,3486.433357,4358.041696,5229.650035,6101.258374,6972.866713,7844.475052,8716.083392,1124.243942,2248.487885,2810.609856,3372.731827,3934.853799,4496.97577,5059.097741,5621.219712,-7312.53451,-3660.774841,-2257.895165
42,2646.419468,5292.838935,6616.048669,7939.258403,9262.468136,10585.67787,11908.8876,13232.09734,2533.634294,5067.268588,6334.085735,7600.902883,8867.72003,10134.53718,11401.35432,12668.17147,2297.313172,4594.626343,5743.282929,6891.939515,8040.596101,9189.252687,10337.90927,11486.56586,3100.030328,6200.060657,7750.075821,9300.090985,10850.10615,12400.12131,13950.13648,15500.15164,1769.846824,3539.693649,4424.617061,5309.540473,6194.463885,7079.387298,7964.31071,8849.234122,1144.324285,2288.648569,2860.810712,3432.972854,4005.134996,4577.297138,5149.459281,5721.621423,-7372.104212,-3720.345492,-2318.669762
43,2515.3141,5030.6282,6288.28525,7545.9423,8803.59935,10061.2564,11318.91345,12576.5705,2481.610878,4963.221756,6204.027195,7444.832634,8685.638073,9926.443512,11167.24895,12408.05439,2264.672844,4529.345688,5661.68211,6794.018531,7926.354953,9058.691375,10191.0278,11323.36422,3069.494721,6138.989442,7673.736802,9208.484162,10743.23152,12277.97888,13812.72624,15347.4736,1808.310106,3616.620212,4520.775265,5424.930318,6329.085371,7233.240424,8137.395477,9041.55053,1165.038623,2330.077246,2912.596557,3495.115868,4077.63518,4660.154491,5242.673802,5825.193114,-7429.755103,-3806.226359,-2378.341629
44,2405.401695,4810.803391,6013.504239,7216.205086,8418.905934,9621.606782,10824.30763,12027.00848,2452.579872,4905.159743,6131.449679,7357.739615,8584.029551,9810.319486,11036.60942,12262.89936,2232.879883,4465.759766,5582.199707,6698.639649,7815.07959,8931.519532,10047.95947,11164.39941,3045.303983,6090.607966,7613.259957,9135.911949,10658.56394,12181.21593,13703.86792,15226.51991,1832.788258,3665.576515,4581.970644,5498.364773,6414.758902,7331.153031,8247.54716,9163.941289,1186.278879,2372.557759,2965.697198,3558.836638,4151.976078,4745.115517,5338.254957,5931.394397,-7472.683119,-3861.148708,-2436.860979
45,2239.143282,4478.286564,5597.858205,6717.429847,7837.001488,8956.573129,10076.14477,11195.71641,2424.344187,4848.688374,6060.860467,7273.032561,8485.204654,9697.376748,10909.54884,12121.72093,2201.935529,4403.871057,5504.838821,6605.806586,7706.77435,8807.742114,9908.709879,11009.67764,3012.224986,6024.449972,7530.562465,9036.674958,10542.78745,12048.89994,13555.01244,15061.12493,1856.204951,3712.409901,4640.512377,5568.614852,6496.717328,7424.819803,8352.922278,9281.024754,1207.93272,2415.86544,3019.8318,3623.798159,4227.764519,4831.730879,5435.697239,6039.663599,-7530.861928,-3914.200202,-2494.181741
46,2060.708143,4121.416286,5151.770357,6182.124429,7212.4785,8242.832572,9273.186643,10303.54071,2383.36861,4766.737219,5958.421524,7150.105829,8341.790133,9533.474438,10725.15874,11916.84305,2165.914927,4331.829853,5414.787317,6497.74478,7580.702244,8663.659707,9746.61717,10829.57463,2979.046694,5958.093389,7447.616736,8937.140083,10426.66343,11916.18678,13405.71012,14895.23347,1889.119976,3778.239951,4722.799939,5667.359927,6611.919915,7556.479902,8501.03989,9445.599878,1229.88482,2459.76964,3074.71205,3689.654459,4304.596869,4919.539279,5534.481689,6149.424099,-7591.767602,-3990.272109,-2550.261567
47,1853.100876,3706.201752,4632.75219,5559.302628,6485.853066,7412.403504,8338.953942,9265.50438,2350.505284,4701.010568,5876.26321,7051.515852,8226.768494,9402.021136,10577.27378,11752.52642,2136.737904,4273.475809,5341.844761,6410.213713,7478.582666,8546.951618,9615.32057,10683.68952,2946.410621,5892.821241,7366.026552,8839.231862,10312.43717,11785.64248,13258.84779,14732.0531,1909.459266,3818.918531,4773.648164,5728.377797,6683.10743,7637.837062,8592.566695,9547.296328,1252.018067,2504.036134,3130.045168,3756.054201,4382.063235,5008.072269,5634.081302,6260.090336,-7657.312803,-4038.659316,-2605.061829
48,1677.845059,3355.690117,4194.612647,5033.535176,5872.457705,6711.380234,7550.302764,8389.225293,2311.987005,4623.97401,5779.967513,6935.961015,8091.954518,9247.94802,10403.94152,11559.93503,2122.461325,4244.92265,5306.153313,6367.383975,7428.614638,8489.845301,9551.075963,10612.30663,2922.456439,5844.912879,7306.141098,8767.369318,10228.59754,11689.82576,13151.05398,14612.2822,1937.369955,3874.73991,4843.424887,5812.109864,6780.794842,7749.479819,8718.164797,9686.849774,1263.115816,2526.231632,3157.78954,3789.347449,4420.905357,5052.463265,5684.021173,6315.579081,-7710.734153,-4107.780194,-2631.971069
49,1425.220622,2850.441243,3563.051554,4275.661865,4988.272176,5700.882486,6413.492797,7126.103108,2286.94018,4573.88036,5717.35045,6860.82054,8004.29063,9147.760719,10291.23081,11434.7009,2094.525021,4189.050042,5236.312552,6283.575063,7330.837573,8378.100083,9425.362594,10472.6251,2891.067844,5782.135688,7227.66961,8673.203532,10118.73745,11564.27138,13009.8053,14455.33922,1954.15231,3908.304619,4885.380774,5862.456929,6839.533084,7816.609239,8793.685394,9770.761549,1285.300075,2570.60015,3213.250187,3855.900225,4498.550262,5141.2003,5783.850337,6426.500374,-7789.359128,-4151.581019,-2684.787694
50,1143.275154,2286.550308,2858.187885,3429.825462,4001.463039,4573.100616,5144.738194,5716.375771,2256.205268,4512.410536,5640.51317,6768.615804,7896.718438,9024.821072,10152.92371,11281.02634,2067.399442,4134.798884,5168.498606,6202.198327,7235.898048,8269.597769,9303.29749,10336.99721,2859.6227,5719.2454,7149.05675,8578.8681,10008.67945,11438.4908,12868.30215,14298.1135,1969.415257,3938.830514,4923.538142,5908.245771,6892.953399,7877.661028,8862.368656,9847.076285,1307.372194,2614.744387,3268.430484,3922.116581,4575.802678,5229.488775,5883.174872,6536.860968,-7878.497607,-4193.585777,-2736.244459
51,829.7073268,1659.414654,2074.268317,2489.12198,2903.975644,3318.829307,3733.682971,4148.536634,2219.982429,4439.964857,5549.956072,6659.947286,7769.938501,8879.929715,9989.920929,11099.91214,2041.067617,4082.135235,5102.669043,6123.202852,7143.73666,8164.270469,9184.804278,10205.33809,2826.697571,5653.395143,7066.743928,8480.092714,9893.4415,11306.79029,12720.13907,14133.48786,1989.379891,3978.759781,4973.449726,5968.139672,6962.829617,7957.519562,8952.209507,9946.899453,1329.217349,2658.434699,3323.043374,3987.652048,4652.260723,5316.869398,5981.478072,6646.086747,-7980.508905,-4253.290334,-2786.315757
52,570.5884834,1141.176967,1426.471208,1711.76545,1997.059692,2282.353934,2567.648175,2852.942417,2196.123079,4392.246157,5490.307697,6588.369236,7686.430775,8784.492315,9882.553854,10980.61539,2015.509289,4031.018579,5038.773223,6046.527868,7054.282513,8062.037157,9069.791802,10077.54645,2799.702723,5599.405445,6999.256807,8399.108168,9798.95953,11198.81089,12598.66225,13998.51361,2000.701218,4001.402435,5001.753044,6002.103653,7002.454262,8002.804871,9003.155479,10003.50609,1350.723551,2701.447101,3376.808876,4052.170652,4727.532427,5402.894202,6078.255977,6753.617753,-8066.951617,-4290.942827,-2834.979699
53,198.8058104,397.6116207,497.0145259,596.4174311,695.8203363,795.2232415,894.6261466,994.0290518,2154.721414,4309.442828,5386.803534,6464.164241,7541.524948,8618.885655,9696.246362,10773.60707,1990.700917,3981.401833,4976.752292,5972.10275,6967.453209,7962.803667,8958.154125,9953.504584,2758.137553,5516.275105,6895.343881,8274.412658,9653.481434,11032.55021,12411.61899,13790.68776,2014.675752,4029.351504,5036.68938,6044.027256,7051.365132,8058.703008,9066.040884,10073.37876,1371.782487,2743.564975,3429.456218,4115.347462,4801.238706,5487.129949,6173.021193,6858.912436,-8197.525714,-4344.298371,-2882.218118
54,0,0,0,0,0,0,0,0,2131.067079,4262.134158,5327.667697,6393.201236,7458.734776,8524.268315,9589.801854,10655.33539,1961.272196,3922.544392,4903.18049,5883.816588,6864.452687,7845.088785,8825.724883,9806.360981,2706.386756,5412.773511,6765.966889,8119.160267,9472.353645,10825.54702,12178.7404,13531.93378,2021.993208,4043.986415,5054.983019,6065.979623,7076.976226,8087.97283,9098.969434,10109.96604,1392.290318,2784.580637,3480.725796,4176.870955,4873.016114,5569.161274,6265.306433,6961.451592,-8348.074906,-4377.855148,-2928.016567
55,0,0,0,0,0,0,0,0,2101.620322,4203.240643,5254.050804,6304.860965,7355.671126,8406.481287,9457.291448,10508.10161,1937.943499,3875.886998,4844.858747,5813.830497,6782.802246,7751.773996,8720.745745,9689.717494,2639.104657,5278.209315,6597.761644,7917.313972,9236.866301,10556.41863,11875.97096,13195.52329,2027.730883,4055.461766,5069.327207,6083.192648,7097.05809,8110.923531,9124.788973,10138.65441,1412.148393,2824.296786,3530.370983,4236.44518,4942.519376,5648.593573,6354.66777,7060.741966,-8521.405163,-4409.862146,-2972.364319
56,0,0,0,0,0,0,0,0,2065.605715,4131.21143,5164.014288,6196.817146,7229.620003,8262.422861,9295.225718,10328.02858,1926.528023,3853.056047,4816.320059,5779.58407,6742.848082,7706.112094,8669.376105,9632.640117,2574.441799,5148.883597,6436.104497,7723.325396,9010.546295,10297.76719,11584.98809,12872.20899,2033.440769,4066.881539,5083.601924,6100.322308,7117.042693,8133.763078,9150.483462,10167.20385,1421.804526,2843.609053,3554.511316,4265.413579,4976.315842,5687.218106,6398.120369,7109.022632,-8668.108071,-4455.094375,-2993.991849
57,0,0,0,0,0,0,0,0,2035.626977,4071.253955,5089.067444,6106.880932,7124.694421,8142.50791,9160.321399,10178.13489,1904.172419,3808.344837,4760.431046,5712.517256,6664.603465,7616.689674,8568.775884,9520.862093,2462.765286,4925.530573,6156.913216,7388.295859,8619.678502,9851.061146,11082.44379,12313.82643,2035.376661,4070.753323,5088.441654,6106.129984,7123.818315,8141.506646,9159.194977,10176.88331,1440.515956,2881.031912,3601.28989,4321.547868,5041.805846,5762.063824,6482.321802,7202.57978,-8888.415318,-4483.489876,-3036.151579
58,0,0,0,0,0,0,0,0,1992.611444,3985.222888,4981.52861,5977.834333,6974.140055,7970.445777,8966.751499,9963.057221,1882.418308,3764.836616,4706.04577,5647.254924,6588.464078,7529.673233,8470.882387,9412.091541,2313.042896,4626.085791,5782.607239,6939.128687,8095.650135,9252.171582,10408.69303,11565.21448,2035.608002,4071.216004,5089.020005,6106.824006,7124.628007,8142.432008,9160.236009,10178.04001,1458.357875,2916.71575,3645.894687,4375.073625,5104.252562,5833.4315,6562.610437,7291.789375,-9139.834203,-4523.618228,-3076.850071
59,0,0,0,0,0,0,0,0,1966.753421,3933.506842,4916.883553,5900.260263,6883.636974,7867.013685,8850.390395,9833.767106,1861.223991,3722.447982,4653.059977,5583.671973,6514.283968,7444.895964,8375.507959,9306.119955,2113.71705,4227.4341,5284.292626,6341.151151,7398.009676,8454.868201,9511.726726,10568.58525,2034.074694,4068.149388,5085.186735,6102.224082,7119.26143,8136.298777,9153.336124,10170.37347,1475.254565,2950.509129,3688.136412,4425.763694,5163.390976,5901.018258,6638.645541,7376.272823,-9425.617353,-4548.837425,-3116.089618
60,0,0,0,0,0,0,0,0,1934.791492,3869.582985,4836.978731,5804.374477,6771.770223,7739.165969,8706.561715,9673.957461,1835.560311,3671.120621,4588.900777,5506.680932,6424.461087,7342.241243,8260.021398,9177.801553,1923.540024,3847.080049,4808.850061,5770.620073,6732.390085,7694.160098,8655.93011,9617.700122,2031.277262,4062.554525,5078.193156,6093.831787,7109.470418,8125.109049,9140.747681,10156.38631,1491.137955,2982.27591,3727.844888,4473.413866,5218.982843,5964.551821,6710.120798,7455.689776,-9664.530095,-4572.924629,-3153.876232
61,0,0,0,0,0,0,0,0,1892.993449,3785.986897,4732.483622,5678.980346,6625.47707,7571.973795,8518.470519,9464.967243,1815.401619,3630.803239,4538.504048,5446.204858,6353.905668,7261.606477,8169.307287,9077.008097,1603.172629,3206.345259,4007.931574,4809.517888,5611.104203,6412.690518,7214.276833,8015.863147,2024.891443,4049.782887,5062.228609,6074.67433,7087.120052,8099.565774,9112.011495,10124.45722,1505.947996,3011.895993,3764.869991,4517.843989,5270.817988,6023.791986,6776.765984,7529.739982,-10018.63559,-4607.123039,-3190.219649
62,0,0,0,0,0,0,0,0,1858.566829,3717.133658,4646.417073,5575.700487,6504.983902,7434.267317,8363.550731,9292.834146,1795.656008,3591.312016,4489.14002,5386.968024,6284.796028,7182.624033,8080.452037,8978.280041,1189.987183,2379.974367,2974.967958,3569.96155,4164.955142,4759.948733,5354.942325,5949.935917,2019.304776,4038.609552,5048.261939,6057.914327,7067.566715,8077.219103,9086.871491,10096.52388,1519.632964,3039.265927,3799.082409,4558.898891,5318.715373,6078.531855,6838.348337,7598.164818,-10416.66423,-4628.768261,-3225.133323
63,0,0,0,0,0,0,0,0,1807.111561,3614.223122,4517.778903,5421.334683,6324.890464,7228.446244,8132.002025,9035.557805,1785.920949,3571.841898,4464.802372,5357.762847,6250.723321,7143.683795,8036.64427,8929.604744,663.4921734,1326.984347,1658.730433,1990.47652,2322.222607,2653.968694,2985.71478,3317.460867,2009.169258,4018.338516,5022.923146,6027.507775,7032.092404,8036.677033,9041.261662,10045.84629,1526.039718,3052.079436,3815.099295,4578.119154,5341.139013,6104.158872,6867.178731,7630.19859,-10862.31528,-4659.75105,-3242.059227
64,0,0,0,0,0,0,0,0,1774.284507,3548.569015,4435.711268,5322.853522,6209.995776,7097.138029,7984.280283,8871.422537,1761.919393,3523.838785,4404.798482,5285.758178,6166.717875,7047.677571,7928.637267,8809.596964,180.3071346,360.6142693,450.7678366,540.9214039,631.0749712,721.2285385,811.3821058,901.5356731,2001.387651,4002.775301,5003.469127,6004.162952,7004.856777,8005.550603,9006.244428,10006.93825,1537.958883,3075.917766,3844.897207,4613.876649,5382.85609,6151.835532,6920.814973,7689.794415,-11230.0983,-4679.568127,-3274.86165
65,0,0,0,0,0,0,0,0,1734.817791,3469.635582,4337.044477,5204.453373,6071.862268,6939.271163,7806.680059,8674.088954,1743.007719,3486.015439,4357.519299,5229.023158,6100.527018,6972.030878,7843.534738,8715.038597,0,0,0,0,0,0,0,0,1992.905807,3985.811613,4982.264517,5978.71742,6975.170323,7971.623226,8968.07613,9964.529033,1548.661518,3097.323037,3871.653796,4645.984555,5420.315315,6194.646074,6968.976833,7743.307592,-11768.34823,-4698.842494,-3306.28424
66,0,0,0,0,0,0,0,0,1674.600715,3349.20143,4186.501787,5023.802145,5861.102502,6698.40286,7535.703217,8373.003575,1724.299129,3448.598259,4310.747824,5172.897388,6035.046953,6897.196518,7759.346082,8621.495647,0,0,0,0,0,0,0,0,1979.095762,3958.191523,4947.739404,5937.287285,6926.835166,7916.383046,8905.930927,9895.478808,1558.126527,3116.253053,3895.316317,4674.37958,5453.442843,6232.506107,7011.56937,7790.632633,-12365.00774,-4726.989082,-3336.353473
67,0,0,0,0,0,0,0,0,1630.262518,3260.525037,4075.656296,4890.787555,5705.918814,6521.050073,7336.181332,8151.312591,1701.128539,3402.257078,4252.821348,5103.385617,5953.949887,6804.514157,7655.078426,8505.642696,0,0,0,0,0,0,0,0,1969.312972,3938.625945,4923.282431,5907.938917,6892.595403,7877.251889,8861.908376,9846.564862,1566.341721,3132.683442,3915.854303,4699.025163,5482.196024,6265.366884,7048.537745,7831.708605,-13024.22278,-4745.419728,-3365.099544
68,0,0,0,0,0,0,0,0,1561.817903,3123.635807,3904.544758,4685.45371,5466.362662,6247.271613,7028.180565,7809.089517,1682.668461,3365.336921,4206.671151,5048.005382,5889.339612,6730.673842,7572.008072,8413.342303,0,0,0,0,0,0,0,0,1954.020912,3908.041824,4885.05228,5862.062736,6839.073192,7816.083648,8793.094104,9770.10456,1573.30378,3146.607561,3933.259451,4719.911341,5506.563232,6293.215122,7079.867012,7866.518902,-13562.24733,-4772.88207,-3392.556367
69,0,0,0,0,0,0,0,0,1511.422105,3022.844211,3778.555264,4534.266316,5289.977369,6045.688422,6801.399474,7557.110527,1664.19628,3328.39256,4160.490699,4992.588839,5824.686979,6656.785119,7488.883259,8320.981399,0,0,0,0,0,0,0,0,1943.549387,3887.098774,4858.873468,5830.648162,6802.422855,7774.197549,8745.972243,9717.746936,1579.018139,3158.036279,3947.545349,4737.054418,5526.563488,6316.072558,7105.581627,7895.090697,-14341.26893,-4791.261476,-3418.761579
70,0,0,0,0,0,0,0,0,1462.915065,2925.83013,3657.287662,4388.745195,5120.202727,5851.66026,6583.117792,7314.575325,1641.200672,3282.401343,4103.001679,4923.602015,5744.202351,6564.802686,7385.403022,8206.003358,0,0,0,0,0,0,0,0,1932.955697,3865.911395,4832.389244,5798.867092,6765.344941,7731.82279,8698.300639,9664.778487,1583.498814,3166.997628,3958.747035,4750.496442,5542.245849,6333.995256,7125.744663,7917.49407,0,-4809.858955,-3443.756535
71,0,0,0,0,0,0,0,0,1375.190148,2750.380295,3437.975369,4125.570443,4813.165516,5500.76059,6188.355664,6875.950738,1631.883814,3263.767628,4079.709535,4895.651442,5711.593349,6527.535256,7343.477163,8159.41907,0,0,0,0,0,0,0,0,1916.998138,3833.996277,4792.495346,5750.994415,6709.493484,7667.992553,8626.491623,9584.990692,1585.283189,3170.566378,3963.207972,4755.849566,5548.491161,6341.132755,7133.77435,7926.415944,0,-4838.479205,-3455.814107
72,0,0,0,0,0,0,0,0,1318.725283,2637.450567,3296.813208,3956.17585,4615.538492,5274.901134,5934.263775,6593.626417,1613.076088,3226.152176,4032.69022,4839.228264,5645.766308,6452.304352,7258.842396,8065.38044,0,0,0,0,0,0,0,0,1906.404946,3812.809892,4766.012365,5719.214838,6672.417311,7625.619784,8578.822257,9532.02473,1587.957788,3175.915575,3969.894469,4763.873363,5557.852257,6351.83115,7145.810044,7939.788938,0,-4858.259971,-3479.079358
73,0,0,0,0,0,0,0,0,1218.25965,2436.5193,3045.649125,3654.778951,4263.908776,4873.038601,5482.168426,6091.298251,1589.665045,3179.330089,3974.162612,4768.995134,5563.827656,6358.660179,7153.492701,7948.325223,0,0,0,0,0,0,0,0,1890.694996,3781.389993,4726.737491,5672.084989,6617.432487,7562.779986,8508.127484,9453.474982,1589.469567,3178.939135,3973.673919,4768.408702,5563.143486,6357.87827,7152.613054,7947.347837,0,-4889.370468,-3501.254018
74,0,0,0,0,0,0,0,0,1148.021466,2296.042931,2870.053664,3444.064397,4018.075129,4592.085862,5166.096595,5740.107328,1570.202069,3140.404138,3925.505173,4710.606207,5495.707242,6280.808276,7065.909311,7851.010345,0,0,0,0,0,0,0,0,1880.377949,3760.755898,4700.944873,5641.133847,6581.322822,7521.511797,8461.700771,9401.889746,1589.860286,3179.720572,3974.650715,4769.580858,5564.511001,6359.441144,7154.371287,7949.30143,0,-4911.305646,-3522.392463
75,0,0,0,0,0,0,0,0,1073.716677,2147.433355,2684.291694,3221.150032,3758.008371,4294.86671,4831.725049,5368.583387,1546.051549,3092.103098,3865.128873,4638.154648,5411.180422,6184.206197,6957.231972,7730.257746,0,0,0,0,0,0,0,0,1870.190696,3740.381392,4675.47674,5610.572088,6545.667436,7480.762784,8415.858132,9350.95348,1589.178707,3178.357415,3972.946768,4767.536122,5562.125476,6356.714829,7151.304183,7945.893537,0,-4934.391178,-3542.552789
76,0,0,0,0,0,0,0,0,956.3101505,1912.620301,2390.775376,2868.930452,3347.085527,3825.240602,4303.395677,4781.550753,1525.546001,3051.092003,3813.865003,4576.638004,5339.411005,6102.184006,6864.957006,7627.730007,0,0,0,0,0,0,0,0,1855.104115,3710.208231,4637.760288,5565.312346,6492.864404,7420.416461,8347.968519,9275.520577,1587.480076,3174.960153,3968.700191,4762.440229,5556.180267,6349.920305,7143.660343,7937.400381,0,-4971.554059,-3561.796813
77,0,0,0,0,0,0,0,0,870.8497467,1741.699493,2177.124367,2612.54924,3047.974113,3483.398987,3918.82386,4354.248733,1500.248717,3000.497434,3750.621793,4500.746151,5250.87051,6000.994868,6751.119227,7501.243586,0,0,0,0,0,0,0,0,1845.103739,3690.207478,4612.759348,5535.311217,6457.863087,7380.414956,8302.966826,9225.518695,1584.825528,3169.651056,3962.06382,4754.476584,5546.889348,6339.302112,7131.714876,7924.127641,0,-4998.278631,-3580.190072
78,0,0,0,0,0,0,0,0,731.6251245,1463.250249,1829.062811,2194.875373,2560.687936,2926.500498,3292.31306,3658.125622,1478.279443,2956.558887,3695.698608,4434.83833,5173.978052,5913.117773,6652.257495,7391.397217,0,0,0,0,0,0,0,0,1829.981003,3659.962007,4574.952509,5489.94301,6404.933512,7319.924014,8234.914516,9149.905017,1581.281434,3162.562869,3953.203586,4743.844303,5534.48502,6325.125738,7115.766455,7906.407172,0,-5041.749374,-3597.801824
79,0,0,0,0,0,0,0,0,633.905251,1267.810502,1584.763127,1901.715753,2218.668378,2535.621004,2852.573629,3169.526255,1462.938028,2925.876056,3657.34507,4388.814084,5120.283098,5851.752112,6583.221126,7314.69014,0,0,0,0,0,0,0,0,1819.641437,3639.282874,4549.103593,5458.924311,6368.74503,7278.565748,8188.386467,9098.207186,1579.197806,3158.395611,3947.994514,4737.593417,5527.192319,6316.791222,7106.390125,7895.989028,0,-5073.262756,-3606.337294
80,0,0,0,0,0,0,0,0,530.9611812,1061.922362,1327.402953,1592.883544,1858.364134,2123.844725,2389.325315,2654.805906,1439.589166,2879.178332,3598.972915,4318.767498,5038.562081,5758.356664,6478.151247,7197.94583,0,0,0,0,0,0,0,0,1808.910965,3617.82193,4522.277413,5426.732896,6331.188378,7235.643861,8140.099343,9044.554826,1574.453512,3148.907024,3936.13378,4723.360536,5510.587291,6297.814047,7085.040803,7872.267559,0,-5107.030272,-3622.914778
81,0,0,0,0,0,0,0,0,365.1412074,730.2824148,912.8530185,1095.423622,1277.994226,1460.56483,1643.135433,1825.706037,1411.212424,2822.424847,3528.031059,4233.637271,4939.243482,5644.849694,6350.455906,7056.062118,0,0,0,0,0,0,0,0,1791.635938,3583.271876,4479.089845,5374.907814,6270.725783,7166.543752,8062.361721,8958.17969,1569.003641,3138.007281,3922.509102,4707.010922,5491.512742,6276.014562,7060.516383,7845.018203,0,-5162.348241,-3638.900173
82,0,0,0,0,0,0,0,0,248.9300956,497.8601911,622.3252389,746.7902867,871.2553345,995.7203823,1120.18543,1244.650478,1385.577069,2771.154138,3463.942672,4156.731206,4849.519741,5542.308275,6235.096809,6927.885344,0,0,0,0,0,0,0,0,1778.96982,3557.939639,4447.424549,5336.909459,6226.394369,7115.879278,8005.364188,8894.849098,1562.926815,3125.853631,3907.317038,4688.780446,5470.243854,6251.707261,7033.170669,7814.634077,0,-5202.639298,-3654.375756
83,0,0,0,0,0,0,0,0,64.01268097,128.0253619,160.0317024,192.0380429,224.0443834,256.0507239,288.0570644,320.0634048,1354.756658,2709.513316,3386.891645,4064.269974,4741.648303,5419.026632,6096.404961,6773.78329,0,0,0,0,0,0,0,0,1757.487717,3514.975435,4393.719294,5272.463152,6151.207011,7029.95087,7908.694729,8787.438587,1556.30316,3112.60632,3890.757901,4668.909481,5447.061061,6225.212641,7003.364221,7781.515801,0,-5268.725862,-3669.427525
84,0,0,0,0,0,0,0,0,0,0,0,0,0,0,0,0,1322.525197,2645.050394,3306.312992,3967.575591,4628.838189,5290.100788,5951.363386,6612.625985,0,0,0,0,0,0,0,0,1740.982342,3481.964685,4352.455856,5222.947027,6093.438198,6963.929369,7834.42054,8704.911712,1549.213294,3098.426588,3873.033235,4647.639882,5422.246529,6196.853176,6971.459823,7746.06647,0,-5316.868874,-3684.145199
85,0,0,0,0,0,0,0,0,0,0,0,0,0,0,0,0,1292.506372,2585.012744,3231.26593,3877.519116,4523.772302,5170.025488,5816.278674,6462.53186,0,0,0,0,0,0,0,0,1722.239907,3444.479815,4305.599768,5166.719722,6027.839676,6888.959629,7750.079583,8611.199537,1541.737259,3083.474518,3854.343148,4625.211777,5396.080407,6166.949037,6937.817666,7708.686296,0,-5368.541296,-3698.622215
86,0,0,0,0,0,0,0,0,0,0,0,0,0,0,0,0,1257.006425,2514.012851,3142.516064,3771.019276,4399.522489,5028.025702,5656.528915,6285.032127,0,0,0,0,0,0,0,0,1688.863146,3377.726292,4222.157865,5066.589438,5911.021011,6755.452584,7599.884157,8444.31573,1533.953389,3067.906777,3834.883472,4601.860166,5368.83686,6135.813555,6902.790249,7669.766943,0,-5453.170298,-3712.955732
87,0,0,0,0,0,0,0,0,0,0,0,0,0,0,0,0,1240.416024,2480.832047,3101.040059,3721.248071,4341.456082,4961.664094,5581.872106,6202.080118,0,0,0,0,0,0,0,0,1662.294175,3324.588351,4155.735439,4986.882526,5818.029614,6649.176702,7480.32379,8311.470877,1529.969733,3059.939466,3824.924332,4589.909198,5354.894065,6119.878931,6884.863798,7649.848664,0,-5514.679508,-3720.100057
88,0,0,0,0,0,0,0,0,0,0,0,0,0,0,0,0,1202.078654,2404.157308,3005.196635,3606.235961,4207.275288,4808.314615,5409.353942,6010.393269,0,0,0,0,0,0,0,0,1614.380061,3228.760123,4035.950154,4843.140184,5650.330215,6457.520246,7264.710276,8071.900307,1521.864277,3043.728554,3804.660692,4565.592831,5326.524969,6087.457108,6848.389246,7609.321385,0,-5615.180958,-3734.408636
89,0,0,0,0,0,0,0,0,0,0,0,0,0,0,0,0,1161.65831,2323.316621,2904.145776,3484.974931,4065.804087,4646.633242,5227.462397,5808.291552,0,0,0,0,0,0,0,0,1576.016896,3152.033791,3940.042239,4728.050687,5516.059135,6304.067583,7092.07603,7880.084478,1513.631314,3027.262628,3784.078285,4540.893943,5297.7096,6054.525257,6811.340914,7568.156571,0,-5688.034013,-3748.832888
90,0,0,0,0,0,0,0,0,0,0,0,0,0,0,0,0,1118.992452,2237.984905,2797.481131,3356.977357,3916.473584,4475.96981,5035.466036,5594.962262,0,0,0,0,0,0,0,0,1531.586016,3063.172032,3828.965039,4594.758047,5360.551055,6126.344063,6892.137071,7657.930079,1505.333335,3010.66667,3763.333338,4516.000005,5268.666673,6021.33334,6774.000008,7526.666675,0,-5765.863257,-3763.482992
91,0,0,0,0,0,0,0,0,0,0,0,0,0,0,0,0,1073.915669,2147.831338,2684.789173,3221.747007,3758.704842,4295.662676,4832.620511,5369.578345,0,0,0,0,0,0,0,0,1451.60818,2903.216359,3629.020449,4354.824539,5080.628628,5806.432718,6532.236808,7258.040898,1497.025224,2994.050447,3742.563059,4491.075671,5239.588283,5988.100895,6736.613506,7485.126118,0,-5892.502722,-3778.472847
92,0,0,0,0,0,0,0,0,0,0,0,0,0,0,0,0,1029.821038,2059.642076,2574.552594,3089.463113,3604.373632,4119.284151,4634.19467,5149.105189,0,0,0,0,0,0,0,0,1387.966422,2775.932843,3469.916054,4163.899265,4857.882476,5551.865687,6245.848898,6939.832109,1488.752771,2977.505542,3721.881928,4466.258313,5210.634699,5955.011085,6699.38747,7443.763856,0,-5983.910746,-3793.920074
93,0,0,0,0,0,0,0,0,0,0,0,0,0,0,0,0,979.4074339,1958.814868,2448.518585,2938.222302,3427.926019,3917.629736,4407.333453,4897.03717,0,0,0,0,0,0,0,0,1274.290959,2548.581917,3185.727396,3822.872876,4460.018355,5097.163834,5734.309314,6371.454793,1480.551125,2961.102251,3701.377813,4441.653376,5181.928939,5922.204501,6662.480064,7402.755627,0,-6132.169632,-3809.946012
94,0,0,0,0,0,0,0,0,0,0,0,0,0,0,0,0,926.0711052,1852.14221,2315.177763,2778.213316,3241.248868,3704.284421,4167.319973,4630.355526,0,0,0,0,0,0,0,0,1184.609432,2369.218863,2961.523579,3553.828295,4146.133011,4738.437727,5330.742443,5923.047158,1472.443176,2944.886352,3681.10794,4417.329529,5153.551117,5889.772705,6625.994293,7362.215881,0,-6238.842138,-3826.67572
95,0,0,0,0,0,0,0,0,0,0,0,0,0,0,0,0,896.5147419,1793.029484,2241.286855,2689.544226,3137.801597,3586.058968,4034.316339,4482.57371,0,0,0,0,0,0,0,0,1082.279741,2164.559483,2705.699353,3246.839224,3787.979094,4329.118965,4870.258836,5411.398706,1468.427727,2936.855455,3671.069319,4405.283182,5139.497046,5873.71091,6607.924774,7342.138637,0,-6352.109109,-3835.344587
96,0,0,0,0,0,0,0,0,0,0,0,0,0,0,0,0,838.488529,1676.977058,2096.221323,2515.465587,2934.709852,3353.954116,3773.198381,4192.442645,0,0,0,0,0,0,0,0,901.9269986,1803.853997,2254.817496,2705.780996,3156.744495,3607.707994,4058.671494,4509.634993,1460.472282,2920.944563,3651.180704,4381.416845,5111.652986,5841.889126,6572.125267,7302.361408,0,-6535.001955,-3853.372577
97,0,0,0,0,0,0,0,0,0,0,0,0,0,0,0,0,777.1187755,1554.237551,1942.796939,2331.356327,2719.915714,3108.475102,3497.03449,3885.593878,0,0,0,0,0,0,0,0,761.5179233,1523.035847,1903.794808,2284.55377,2665.312732,3046.071693,3426.830655,3807.589617,1452.602957,2905.205914,3631.507392,4357.808871,5084.110349,5810.411828,6536.713306,7263.014785,0,-6666.018444,-3872.433264
98,0,0,0,0,0,0,0,0,0,0,0,0,0,0,0,0,712.2416557,1424.483311,1780.604139,2136.724967,2492.845795,2848.966623,3205.087451,3561.208278,0,0,0,0,0,0,0,0,516.4082087,1032.816417,1291.020522,1549.224626,1807.42873,2065.632835,2323.836939,2582.041043,1444.786103,2889.572206,3611.965258,4334.358309,5056.751361,5779.144412,6501.537464,7223.930516,0,-6876.920804,-3892.664727
99,0,0,0,0,0,0,0,0,0,0,0,0,0,0,0,0,643.6992704,1287.398541,1609.248176,1931.097811,2252.947446,2574.797082,2896.646717,3218.496352,0,0,0,0,0,0,0,0,327.321767,654.643534,818.3044175,981.9653011,1145.626185,1309.287068,1472.947952,1636.608835,1436.967755,2873.935509,3592.419387,4310.903264,5029.387142,5747.871019,6466.354896,7184.838774,0,-7027.551159,-3914.208769
100,0,0,0,0,0,0,0,0,0,0,0,0,0,0,0,0,571.3418515,1142.683703,1428.354629,1714.025554,1999.69648,2285.367406,2571.038332,2856.709257,0,0,0,0,0,0,0,0,115.3853728,230.7707455,288.4634319,346.1561183,403.8488046,461.541491,519.2341774,576.9268638,1429.071665,2858.14333,3572.679162,4287.214994,5001.750827,5716.286659,6430.822492,7145.358324,0,-7186.565752,-3937.210909
101,0,0,0,0,0,0,0,0,0,0,0,0,0,0,0,0,495.030293,990.060586,1237.575733,1485.090879,1732.606026,1980.121172,2227.636319,2475.151465,0,0,0,0,0,0,0,0,0,0,0,0,0,0,0,0,1420.997274,2841.994548,3552.493186,4262.991823,4973.49046,5683.989097,6394.487734,7104.986371,0,-7441.498385,-3961.82039
102,0,0,0,0,0,0,0,0,0,0,0,0,0,0,0,0,414.6390469,829.2780938,1036.597617,1243.917141,1451.236664,1658.556188,1865.875711,2073.195235,0,0,0,0,0,0,0,0,0,0,0,0,0,0,0,0,1412.617617,2825.235234,3531.544043,4237.852851,4944.16166,5650.470468,6356.779277,7063.088086,0,-7622.861983,-3988.190172
103,0,0,0,0,0,0,0,0,0,0,0,0,0,0,0,0,0,0,0,0,0,0,0,0,0,0,0,0,0,0,0,0,0,0,0,0,0,0,0,0,1408.265886,2816.531772,3520.664716,4224.797659,4928.930602,5633.063545,6337.196488,7041.329431,0,-7912.83734,-4002.083994
104,0,0,0,0,0,0,0,0,0,0,0,0,0,0,0,0,0,0,0,0,0,0,0,0,0,0,0,0,0,0,0,0,0,0,0,0,0,0,0,0,1399.127175,2798.254351,3497.817939,4197.381526,4896.945114,5596.508702,6296.07229,6995.635877,0,-8118.592934,-4031.389168
105,0,0,0,0,0,0,0,0,0,0,0,0,0,0,0,0,0,0,0,0,0,0,0,0,0,0,0,0,0,0,0,0,0,0,0,0,0,0,0,0,1389.23593,2778.471861,3473.089826,4167.707791,4862.325756,5556.943721,6251.561686,6946.179651,0,-8334.694038,-4062.853324
106,0,0,0,0,0,0,0,0,0,0,0,0,0,0,0,0,0,0,0,0,0,0,0,0,0,0,0,0,0,0,0,0,0,0,0,0,0,0,0,0,1378.355342,2756.710684,3445.888355,4135.066026,4824.243696,5513.421367,6202.599038,6891.776709,0,-8678.996348,-4096.642442
107,0,0,0,0,0,0,0,0,0,0,0,0,0,0,0,0,0,0,0,0,0,0,0,0,0,0,0,0,0,0,0,0,0,0,0,0,0,0,0,0,1366.211977,2732.423953,3415.529942,4098.63593,4781.741918,5464.847906,6147.953895,6831.059883,0,-8922.474689,-4132.926225
108,0,0,0,0,0,0,0,0,0,0,0,0,0,0,0,0,0,0,0,0,0,0,0,0,0,0,0,0,0,0,0,0,0,0,0,0,0,0,0,0,1352.49333,2704.986659,3381.233324,4057.479989,4733.726653,5409.973318,6086.219983,6762.466648,0,-9177.521814,-4171.878096
109,0,0,0,0,0,0,0,0,0,0,0,0,0,0,0,0,0,0,0,0,0,0,0,0,0,0,0,0,0,0,0,0,0,0,0,0,0,0,0,0,1336.845313,2673.690627,3342.113283,4010.53594,4678.958597,5347.381253,6015.80391,6684.226567,0,0,-4213.675196
110,0,0,0,0,0,0,0,0,0,0,0,0,0,0,0,0,0,0,0,0,0,0,0,0,0,0,0,0,0,0,0,0,0,0,0,0,0,0,0,0,1318.869684,2637.739368,3297.17421,3956.609052,4616.043894,5275.478736,5934.913578,6594.34842,0,0,-4258.49839
111,0,0,0,0,0,0,0,0,0,0,0,0,0,0,0,0,0,0,0,0,0,0,0,0,0,0,0,0,0,0,0,0,0,0,0,0,0,0,0,0,1308.871841,2617.743681,3272.179602,3926.615522,4581.051443,5235.487363,5889.923283,6544.359204,0,0,-4282.102308
112,0,0,0,0,0,0,0,0,0,0,0,0,0,0,0,0,0,0,0,0,0,0,0,0,0,0,0,0,0,0,0,0,0,0,0,0,0,0,0,0,1286.554981,2573.109961,3216.387452,3859.664942,4502.942432,5146.219922,5789.497413,6432.774903,0,0,-4331.811897
113,0,0,0,0,0,0,0,0,0,0,0,0,0,0,0,0,0,0,0,0,0,0,0,0,0,0,0,0,0,0,0,0,0,0,0,0,0,0,0,0,1260.704236,2521.408471,3151.760589,3782.112707,4412.464824,5042.816942,5673.16906,6303.521178,0,0,-4385.016011
114,0,0,0,0,0,0,0,0,0,0,0,0,0,0,0,0,0,0,0,0,0,0,0,0,0,0,0,0,0,0,0,0,0,0,0,0,0,0,0,0,1230.745611,2461.491223,3076.864028,3692.236834,4307.60964,4922.982445,5538.355251,6153.728057,0,0,-4441.908534
115,0,0,0,0,0,0,0,0,0,0,0,0,0,0,0,0,0,0,0,0,0,0,0,0,0,0,0,0,0,0,0,0,0,0,0,0,0,0,0,0,1196.048578,2392.097156,2990.121446,3588.145735,4186.170024,4784.194313,5382.218602,5980.242891,0,0,-4502.687071
116,0,0,0,0,0,0,0,0,0,0,0,0,0,0,0,0,0,0,0,0,0,0,0,0,0,0,0,0,0,0,0,0,0,0,0,0,0,0,0,0,1155.923144,2311.846288,2889.80786,3467.769432,4045.731004,4623.692576,5201.654148,5779.615719,0,0,-4567.552944
117,0,0,0,0,0,0,0,0,0,0,0,0,0,0,0,0,0,0,0,0,0,0,0,0,0,0,0,0,0,0,0,0,0,0,0,0,0,0,0,0,1109.616863,2219.233725,2774.042156,3328.850588,3883.659019,4438.46745,4993.275881,5548.084313,0,0,-4636.711198
118,0,0,0,0,0,0,0,0,0,0,0,0,0,0,0,0,0,0,0,0,0,0,0,0,0,0,0,0,0,0,0,0,0,0,0,0,0,0,0,0,1083.892937,2167.785875,2709.732343,3251.678812,3793.62528,4335.571749,4877.518218,5419.464686,0,0,-4672.965061
119,0,0,0,0,0,0,0,0,0,0,0,0,0,0,0,0,0,0,0,0,0,0,0,0,0,0,0,0,0,0,0,0,0,0,0,0,0,0,0,0,1026.760399,2053.520797,2566.900997,3080.281196,3593.661396,4107.041595,4620.421794,5133.801994,0,0,-4748.954482
120,0,0,0,0,0,0,0,0,0,0,0,0,0,0,0,0,0,0,0,0,0,0,0,0,0,0,0,0,0,0,0,0,0,0,0,0,0,0,0,0,961.2724592,1922.544918,2403.181148,2883.817378,3364.453607,3845.089837,4325.726066,4806.362296,0,0,-4829.765169
121,0,0,0,0,0,0,0,0,0,0,0,0,0,0,0,0,0,0,0,0,0,0,0,0,0,0,0,0,0,0,0,0,0,0,0,0,0,0,0,0,886.433608,1772.867216,2216.08402,2659.300824,3102.517628,3545.734432,3988.951236,4432.16804,0,0,-4915.615188
122,0,0,0,0,0,0,0,0,0,0,0,0,0,0,0,0,0,0,0,0,0,0,0,0,0,0,0,0,0,0,0,0,0,0,0,0,0,0,0,0,801.1716296,1602.343259,2002.929074,2403.514889,2804.100704,3204.686518,3605.272333,4005.858148,0,0,-5006.726324
123,0,0,0,0,0,0,0,0,0,0,0,0,0,0,0,0,0,0,0,0,0,0,0,0,0,0,0,0,0,0,0,0,0,0,0,0,0,0,0,0,704.3342608,1408.668522,1760.835652,2113.002782,2465.169913,2817.337043,3169.504174,3521.671304,0,0,-5103.324081
124,0,0,0,0,0,0,0,0,0,0,0,0,0,0,0,0,0,0,0,0,0,0,0,0,0,0,0,0,0,0,0,0,0,0,0,0,0,0,0,0,594.6857833,1189.371567,1486.714458,1784.05735,2081.400242,2378.743133,2676.086025,2973.428917,0,0,-5205.637686
125,0,0,0,0,0,0,0,0,0,0,0,0,0,0,0,0,0,0,0,0,0,0,0,0,0,0,0,0,0,0,0,0,0,0,0,0,0,0,0,0,470.9035529,941.8071058,1177.258882,1412.710659,1648.162435,1883.614212,2119.065988,2354.517764,0,0,-5313.900082
126,0,0,0,0,0,0,0,0,0,0,0,0,0,0,0,0,0,0,0,0,0,0,0,0,0,0,0,0,0,0,0,0,0,0,0,0,0,0,0,0,403.2743166,806.5486331,1008.185791,1209.82295,1411.460108,1613.097266,1814.734425,2016.371583,0,0,-5370.33589
127,0,0,0,0,0,0,0,0,0,0,0,0,0,0,0,0,0,0,0,0,0,0,0,0,0,0,0,0,0,0,0,0,0,0,0,0,0,0,0,0,255.6126329,511.2252659,639.0315823,766.8378988,894.6442153,1022.450532,1150.256848,1278.063165,0,0,-5487.966386
128,0,0,0,0,0,0,0,0,0,0,0,0,0,0,0,0,0,0,0,0,0,0,0,0,0,0,0,0,0,0,0,0,0,0,0,0,0,0,0,0,90.10692812,180.2138562,225.2673203,270.3207844,315.3742484,360.4277125,405.4811765,450.5346406,0,0,-5612.144314
129,0,0,0,0,0,0,0,0,0,0,0,0,0,0,0,0,0,0,0,0,0,0,0,0,0,0,0,0,0,0,0,0,0,0,0,0,0,0,0,0,0,0,0,0,0,0,0,0,0,0,-5743.115641
130,0,0,0,0,0,0,0,0,0,0,0,0,0,0,0,0,0,0,0,0,0,0,0,0,0,0,0,0,0,0,0,0,0,0,0,0,0,0,0,0,0,0,0,0,0,0,0,0,0,0,-5881.130051
131,0,0,0,0,0,0,0,0,0,0,0,0,0,0,0,0,0,0,0,0,0,0,0,0,0,0,0,0,0,0,0,0,0,0,0,0,0,0,0,0,0,0,0,0,0,0,0,0,0,0,-6026.440953
132,0,0,0,0,0,0,0,0,0,0,0,0,0,0,0,0,0,0,0,0,0,0,0,0,0,0,0,0,0,0,0,0,0,0,0,0,0,0,0,0,0,0,0,0,0,0,0,0,0,0,-6179.305473
133,0,0,0,0,0,0,0,0,0,0,0,0,0,0,0,0,0,0,0,0,0,0,0,0,0,0,0,0,0,0,0,0,0,0,0,0,0,0,0,0,0,0,0,0,0,0,0,0,0,0,-6339.984458
134,0,0,0,0,0,0,0,0,0,0,0,0,0,0,0,0,0,0,0,0,0,0,0,0,0,0,0,0,0,0,0,0,0,0,0,0,0,0,0,0,0,0,0,0,0,0,0,0,0,0,-6423.336906
135,0,0,0,0,0,0,0,0,0,0,0,0,0,0,0,0,0,0,0,0,0,0,0,0,0,0,0,0,0,0,0,0,0,0,0,0,0,0,0,0,0,0,0,0,0,0,0,0,0,0,-6596.234814
136,0,0,0,0,0,0,0,0,0,0,0,0,0,0,0,0,0,0,0,0,0,0,0,0,0,0,0,0,0,0,0,0,0,0,0,0,0,0,0,0,0,0,0,0,0,0,0,0,0,0,-6777.61558
137,0,0,0,0,0,0,0,0,0,0,0,0,0,0,0,0,0,0,0,0,0,0,0,0,0,0,0,0,0,0,0,0,0,0,0,0,0,0,0,0,0,0,0,0,0,0,0,0,0,0,-6967.753072
138,0,0,0,0,0,0,0,0,0,0,0,0,0,0,0,0,0,0,0,0,0,0,0,0,0,0,0,0,0,0,0,0,0,0,0,0,0,0,0,0,0,0,0,0,0,0,0,0,0,0,-7166.924876
139,0,0,0,0,0,0,0,0,0,0,0,0,0,0,0,0,0,0,0,0,0,0,0,0,0,0,0,0,0,0,0,0,0,0,0,0,0,0,0,0,0,0,0,0,0,0,0,0,0,0,-7375.412303
140,0,0,0,0,0,0,0,0,0,0,0,0,0,0,0,0,0,0,0,0,0,0,0,0,0,0,0,0,0,0,0,0,0,0,0,0,0,0,0,0,0,0,0,0,0,0,0,0,0,0,0
141,0,0,0,0,0,0,0,0,0,0,0,0,0,0,0,0,0,0,0,0,0,0,0,0,0,0,0,0,0,0,0,0,0,0,0,0,0,0,0,0,0,0,0,0,0,0,0,0,0,0,0
142,0,0,0,0,0,0,0,0,0,0,0,0,0,0,0,0,0,0,0,0,0,0,0,0,0,0,0,0,0,0,0,0,0,0,0,0,0,0,0,0,0,0,0,0,0,0,0,0,0,0,0
143,0,0,0,0,0,0,0,0,0,0,0,0,0,0,0,0,0,0,0,0,0,0,0,0,0,0,0,0,0,0,0,0,0,0,0,0,0,0,0,0,0,0,0,0,0,0,0,0,0,0,0
144,0,0,0,0,0,0,0,0,0,0,0,0,0,0,0,0,0,0,0,0,0,0,0,0,0,0,0,0,0,0,0,0,0,0,0,0,0,0,0,0,0,0,0,0,0,0,0,0,0,0,0
145,0,0,0,0,0,0,0,0,0,0,0,0,0,0,0,0,0,0,0,0,0,0,0,0,0,0,0,0,0,0,0,0,0,0,0,0,0,0,0,0,0,0,0,0,0,0,0,0,0,0,0
146,0,0,0,0,0,0,0,0,0,0,0,0,0,0,0,0,0,0,0,0,0,0,0,0,0,0,0,0,0,0,0,0,0,0,0,0,0,0,0,0,0,0,0,0,0,0,0,0,0,0,0
147,0,0,0,0,0,0,0,0,0,0,0,0,0,0,0,0,0,0,0,0,0,0,0,0,0,0,0,0,0,0,0,0,0,0,0,0,0,0,0,0,0,0,0,0,0,0,0,0,0,0,0
148,0,0,0,0,0,0,0,0,0,0,0,0,0,0,0,0,0,0,0,0,0,0,0,0,0,0,0,0,0,0,0,0,0,0,0,0,0,0,0,0,0,0,0,0,0,0,0,0,0,0,0
149,0,0,0,0,0,0,0,0,0,0,0,0,0,0,0,0,0,0,0,0,0,0,0,0,0,0,0,0,0,0,0,0,0,0,0,0,0,0,0,0,0,0,0,0,0,0,0,0,0,0,0
150,0,0,0,0,0,0,0,0,0,0,0,0,0,0,0,0,0,0,0,0,0,0,0,0,0,0,0,0,0,0,0,0,0,0,0,0,0,0,0,0,0,0,0,0,0,0,0,0,0,0,0
151,0,0,0,0,0,0,0,0,0,0,0,0,0,0,0,0,0,0,0,0,0,0,0,0,0,0,0,0,0,0,0,0,0,0,0,0,0,0,0,0,0,0,0,0,0,0,0,0,0,0,0
152,0,0,0,0,0,0,0,0,0,0,0,0,0,0,0,0,0,0,0,0,0,0,0,0,0,0,0,0,0,0,0,0,0,0,0,0,0,0,0,0,0,0,0,0,0,0,0,0,0,0,0
153,0,0,0,0,0,0,0,0,0,0,0,0,0,0,0,0,0,0,0,0,0,0,0,0,0,0,0,0,0,0,0,0,0,0,0,0,0,0,0,0,0,0,0,0,0,0,0,0,0,0,0
154,0,0,0,0,0,0,0,0,0,0,0,0,0,0,0,0,0,0,0,0,0,0,0,0,0,0,0,0,0,0,0,0,0,0,0,0,0,0,0,0,0,0,0,0,0,0,0,0,0,0,0
155,0,0,0,0,0,0,0,0,0,0,0,0,0,0,0,0,0,0,0,0,0,0,0,0,0,0,0,0,0,0,0,0,0,0,0,0,0,0,0,0,0,0,0,0,0,0,0,0,0,0,0
156,0,0,0,0,0,0,0,0,0,0,0,0,0,0,0,0,0,0,0,0,0,0,0,0,0,0,0,0,0,0,0,0,0,0,0,0,0,0,0,0,0,0,0,0,0,0,0,0,0,0,0
157,0,0,0,0,0,0,0,0,0,0,0,0,0,0,0,0,0,0,0,0,0,0,0,0,0,0,0,0,0,0,0,0,0,0,0,0,0,0,0,0,0,0,0,0,0,0,0,0,0,0,0
158,0,0,0,0,0,0,0,0,0,0,0,0,0,0,0,0,0,0,0,0,0,0,0,0,0,0,0,0,0,0,0,0,0,0,0,0,0,0,0,0,0,0,0,0,0,0,0,0,0,0,0
159,0,0,0,0,0,0,0,0,0,0,0,0,0,0,0,0,0,0,0,0,0,0,0,0,0,0,0,0,0,0,0,0,0,0,0,0,0,0,0,0,0,0,0,0,0,0,0,0,0,0,0
160,0,0,0,0,0,0,0,0,0,0,0,0,0,0,0,0,0,0,0,0,0,0,0,0,0,0,0,0,0,0,0,0,0,0,0,0,0,0,0,0,0,0,0,0,0,0,0,0,0,0,0
